{
  "weights": "model_weights/run_20251214_181510.pth",
  "optimal_threshold": 0.33,
  "validation_metrics": {
    "accuracy": 0.9045776918117344,
    "precision": 0.7444444444444445,
    "recall": 0.8271604938271605,
    "f1": 0.783625730994152,
    "roc_auc": 0.9516272248885669
  },
  "test_metrics": {
    "accuracy": 0.9026434558349452,
    "precision": 0.742296918767507,
    "recall": 0.8179012345679012,
    "f1": 0.7782672540381792,
    "roc_auc": 0.9489910652298591
  },
  "test_metrics_threshold_05": {
    "accuracy": 0.9045776918117344,
    "precision": 0.7732919254658385,
    "recall": 0.7685185185185185,
    "f1": 0.7708978328173375,
    "roc_auc": 0.9489910652298591
  }
}