{
  "train_loss": [
    0.27450740777179483,
    0.18593269709100813,
    0.1416270184520201,
    0.12293908915421849,
    0.09099431544917055,
    0.08560546835133165
  ],
  "val_loss": [
    0.3823318602499233,
    0.49113357261178725,
    0.24969357419290672,
    0.3422509967166328,
    0.31463142564168367,
    0.2925919331249923
  ]
}